event_name,tour,event_date,owgr_event_id,source_url,season_year,analysis_split,field_size,anonymous_player_id,pre_tourney_field_rank,current_owgr_rank,rank_deficit_D,event_gm_value_pct,geomean_field_strength_score,strokes_gained_world_rating,sgwr_within_field_percentile,performance_points,performance_points_within_field_percentile,actual_finish_numeric,actual_result_status,target_made_cut,target_top_20,target_top_10,target_top_5
Sentry Tournament of Champions,PGAT,2022-01-06T00:00:00,9377,https://www.owgr.com/events/sentry-tournament-of-champions-9377,2022,development_2022_2025,38,P0019195,1,1.0,0.0,65.69251343314892,65.69,0.0,0.5131578947368421,0.0,0.5131578947368421,2.0,FINISHED,1.0,1.0,1.0,1.0
Sentry Tournament of Champions,PGAT,2022-01-06T00:00:00,9377,https://www.owgr.com/events/sentry-tournament-of-champions-9377,2022,development_2022_2025,38,P0022085,2,2.0,0.0,65.69251343314892,65.69,0.0,0.5131578947368421,0.0,0.5131578947368421,5.0,FINISHED,1.0,1.0,1.0,1.0
Sentry Tournament of Champions,PGAT,2022-01-06T00:00:00,9377,https://www.owgr.com/events/sentry-tournament-of-champions-9377,2022,development_2022_2025,38,P0015466,3,4.0,0.2876820724517808,65.69251343314892,65.69,0.0,0.5131578947368421,0.0,0.5131578947368421,4.0,FINISHED,1.0,1.0,1.0,1.0
Sentry Tournament of Champions,PGAT,2022-01-06T00:00:00,9377,https://www.owgr.com/events/sentry-tournament-of-champions-9377,2022,development_2022_2025,38,P0019841,4,5.0,0.2231435513142097,65.69251343314892,65.69,0.0,0.5131578947368421,0.0,0.5131578947368421,25.0,FINISHED,1.0,0.0,0.0,0.0
Sentry Tournament of Champions,PGAT,2022-01-06T00:00:00,9377,https://www.owgr.com/events/sentry-tournament-of-champions-9377,2022,development_2022_2025,38,P0019895,5,6.0,0.1823215567939546,65.69251343314892,65.69,0.0,0.5131578947368421,0.0,0.5131578947368421,12.0,FINISHED,1.0,1.0,0.0,0.0
Sentry Tournament of Champions,PGAT,2022-01-06T00:00:00,9377,https://www.owgr.com/events/sentry-tournament-of-champions-9377,2022,development_2022_2025,38,P0018841,6,7.0,0.1541506798272583,65.69251343314892,65.69,0.0,0.5131578947368421,0.0,0.5131578947368421,30.0,FINISHED,1.0,0.0,0.0,0.0
Sentry Tournament of Champions,PGAT,2022-01-06T00:00:00,9377,https://www.owgr.com/events/sentry-tournament-of-champions-9377,2022,development_2022_2025,38,P0014139,7,8.0,0.1335313926245225,65.69251343314892,65.69,0.0,0.5131578947368421,0.0,0.5131578947368421,5.0,FINISHED,1.0,1.0,1.0,1.0
Sentry Tournament of Champions,PGAT,2022-01-06T00:00:00,9377,https://www.owgr.com/events/sentry-tournament-of-champions-9377,2022,development_2022_2025,38,P0019483,8,10.0,0.2231435513142097,65.69251343314892,65.69,0.0,0.5131578947368421,0.0,0.5131578947368421,19.0,FINISHED,1.0,1.0,0.0,0.0
Sentry Tournament of Champions,PGAT,2022-01-06T00:00:00,9377,https://www.owgr.com/events/sentry-tournament-of-champions-9377,2022,development_2022_2025,38,P0014577,9,12.0,0.2876820724517808,65.69251343314892,65.69,0.0,0.5131578947368421,0.0,0.5131578947368421,30.0,FINISHED,1.0,0.0,0.0,0.0
Sentry Tournament of Champions,PGAT,2022-01-06T00:00:00,9377,https://www.owgr.com/events/sentry-tournament-of-champions-9377,2022,development_2022_2025,38,P0014636,10,14.0,0.3364722366212129,65.69251343314892,65.69,0.0,0.5131578947368421,0.0,0.5131578947368421,21.0,FINISHED,1.0,0.0,0.0,0.0
Sentry Tournament of Champions,PGAT,2022-01-06T00:00:00,9377,https://www.owgr.com/events/sentry-tournament-of-champions-9377,2022,development_2022_2025,38,P0011676,11,15.0,0.3101549283038394,65.69251343314892,65.69,0.0,0.5131578947368421,0.0,0.5131578947368421,19.0,FINISHED,1.0,1.0,0.0,0.0
Sentry Tournament of Champions,PGAT,2022-01-06T00:00:00,9377,https://www.owgr.com/events/sentry-tournament-of-champions-9377,2022,development_2022_2025,38,P0016243,12,16.0,0.2876820724517808,65.69251343314892,65.69,0.0,0.5131578947368421,0.0,0.5131578947368421,28.0,FINISHED,1.0,0.0,0.0,0.0
Sentry Tournament of Champions,PGAT,2022-01-06T00:00:00,9377,https://www.owgr.com/events/sentry-tournament-of-champions-9377,2022,development_2022_2025,38,P0018238,13,17.0,0.2682639865946793,65.69251343314892,65.69,0.0,0.5131578947368421,0.0,0.5131578947368421,35.0,FINISHED,1.0,0.0,0.0,0.0
Sentry Tournament of Champions,PGAT,2022-01-06T00:00:00,9377,https://www.owgr.com/events/sentry-tournament-of-champions-9377,2022,development_2022_2025,38,P0013562,14,18.0,0.2513144282809061,65.69251343314892,65.69,0.0,0.5131578947368421,0.0,0.5131578947368421,13.0,FINISHED,1.0,1.0,0.0,0.0
Sentry Tournament of Champions,PGAT,2022-01-06T00:00:00,9377,https://www.owgr.com/events/sentry-tournament-of-champions-9377,2022,development_2022_2025,38,P0017606,15,19.0,0.2363887780642303,65.69251343314892,65.69,0.0,0.5131578947368421,0.0,0.5131578947368421,5.0,FINISHED,1.0,1.0,1.0,1.0
Sentry Tournament of Champions,PGAT,2022-01-06T00:00:00,9377,https://www.owgr.com/events/sentry-tournament-of-champions-9377,2022,development_2022_2025,38,P0012337,16,20.0,0.2231435513142097,65.69251343314892,65.69,0.0,0.5131578947368421,0.0,0.5131578947368421,38.0,FINISHED,1.0,0.0,0.0,0.0
Sentry Tournament of Champions,PGAT,2022-01-06T00:00:00,9377,https://www.owgr.com/events/sentry-tournament-of-champions-9377,2022,development_2022_2025,38,P0015856,17,21.0,0.2113090936672069,65.69251343314892,65.69,0.0,0.5131578947368421,0.0,0.5131578947368421,1.0,FINISHED,1.0,1.0,1.0,1.0
Sentry Tournament of Champions,PGAT,2022-01-06T00:00:00,9377,https://www.owgr.com/events/sentry-tournament-of-champions-9377,2022,development_2022_2025,38,P0011276,18,23.0,0.2451224580329849,65.69251343314892,65.69,0.0,0.5131578947368421,0.0,0.5131578947368421,23.0,FINISHED,1.0,0.0,0.0,0.0
Sentry Tournament of Champions,PGAT,2022-01-06T00:00:00,9377,https://www.owgr.com/events/sentry-tournament-of-champions-9377,2022,development_2022_2025,38,P0014838,19,25.0,0.2744368457017603,65.69251343314892,65.69,0.0,0.5131578947368421,0.0,0.5131578947368421,15.0,FINISHED,1.0,1.0,0.0,0.0
Sentry Tournament of Champions,PGAT,2022-01-06T00:00:00,9377,https://www.owgr.com/events/sentry-tournament-of-champions-9377,2022,development_2022_2025,38,P0017488,20,26.0,0.262364264467491,65.69251343314892,65.69,0.0,0.5131578947368421,0.0,0.5131578947368421,8.0,FINISHED,1.0,1.0,1.0,0.0
